id,text,category
tam1,திருமலை நாயக்கர் பேரவை சார்பாக படம் வெற்றி பெற வாழ்த்துக்கள்,NOT
tam2,இந்த ட்ரெய்லர் கூட பார்க்கிற மாதிரி இல்லை.. இதை தியேட்டர் ல போய் பார்க்கனுமா.. .,OFF
tam3,மைசூரு செட்டியார் சமூகத்தின் சார்பாக இப்படம் வெற்றிபெற வாழ்த்துகிறேன்,NOT
tam4,மொத்த சாதியும் ஒரு சாதிக்கு எதிரா நிக்குது......  என்னா சமூகம் டா இது  தூ...........,OFF
tam5,விஜய் சேதுபதி,NOT
tam6,உணமையாவே இது சைக்கோ படம் தான் ஒன்னுமே புரில,OFF
tam7,முத்தையா அண்ணனுக்கும் சாதி சாயம் பூசினார்கள் இப்பொழுது மோகன் அண்ணனுக்கும் சாதி சாயம் பூசி விடுவார்கள்,OFF
tam8,தமிழ்நாட்டில் மாற்று மொழி பேசும் அனைத்து மக்கள் சார்பில் படம் வெற்றி பெற வாத்துக்கள்..,NOT
tam9,எங்களுக்கு மண்ணு பொண்ணு இரண்டுமே முக்கியம் அதில் யாரு கையை வச்சாலும் கையை வெட்டுவோம்,OFF
tam10,படம் அழகாக இருக்குங்க  அத விட எதார்த்தமாயிருக்குங்க,NOT
tam11,", இந்த படம் மாபெரும் வெற்றி பெற்று தமிழ் சினிமாவில் ஆதிக்கம் செலுத்தும் ,,,இது போன்ற மேலும் பல படங்களை இயக்க வாழ்த்துக்கள்",NOT
tam12,"நாங்க இருக்கோம் மோகன்  அண்ணா ,கவலை படாதீங்க",NOT
tam13,தமிழக மக்கள் சார்பாக வாழ்த்துக்கள்... சாதிகள் இல்லையடி பாப்பா. சலுகைகள் நிறைய வேண்டுமடி  ((ஓட்டுக்காக)) பாப்பா..,NOT
tam14,"105 முறை பார்த்துவிட்டேன். கள்ளர்,  பிரமலைக்கள்ளன்.....",NOT
tam15,"சாதிதான் சமூகம் என்றால், வீசும் காற்றில் விஷம் பரவட்டும்.",NOT
tam17,இளையராஜாவின் இசை படத்தின் பலம்..இயக்குநர்      மிஷ்கின் படைப்பு அருமை..வாழ்த்துகள்,NOT
tam18,திருவண்ணாமலை சத்திரியர்கள் சார்பாக வாழ்த்துக்கள்  செம,NOT
tam19,பாட்டாளி மக்கள் கட்சியின் விழுப்புரம் வடக்கு மாவட்டம் ஒலக்கூர் ஒன்றியம் மேற்கு சார்பாக திரைப்படத்தை வெற்றியடைய செய்வோம் என்பதை உறுதி அளிக்கிறோம்,NOT
tam20,காதுகளை உறுத்தாத இசை.. கண்களை உறுத்தாத படமாக்கல்... மனதை உறுத்தாத காதல்...   இப்படியும் ஒரு படமா.... தரமான படத்தை தர நினைத்த சூர்யா..    கவிதையாய் ஒரு காதல் படைத்த இயக்குநர் ஹலீமா...   வாழ்த்துகள் நண்பர்களே,NOT
tam21,வீர வன்னியர்கள் சார்பாக திரௌபதி படம் வெற்றியடைய வாழ்த்துகள் ,NOT
tam22,அரசியல் அது ஒரு ராஜபோதை  உள்ள நுழைஞ்சவன் வெளில வரவேமுடியாது,NOT
tam23,மிகவும் நன்றி விவசாயிகளுக்கு  சப்போட்டா நிறைய படம் பன்னிட்டு வருகிறாய் வாழ்த்துக்கள்,NOT
tam24,இயக்குனர் அவர்களுக்கு நாடாளும் நாடார் சமூகம் சார்பில் வாழ்த்துக்கள்,NOT
tam25,அண்ணா மீதி காஸ் குடுங்க நான் கிளம்பனும் டேய் இதுவே மீதி காஸ் தாண்டா,OFF
tam26,தீரன் சின்னமலை சார்பில் இந்த படம் வெற்றி பெற வாழ்த்துகள்,NOT
tam27,நாடக காதல் ஒன்று இல்லை என் குலத்து பெண்னை இழிவுபடுத்த விருப்பமில்லை. ஆரிய சட்டப்படி பெண் இனமே தாழ்த்தட்டவல்தான். தாழ்தபட்ட சொல்லை ஒழிக்க வேண்டும். உண்மையில்  ஆரியனுக்கு எதிறாகதான் படம் எடுக்க வேண்டும். இது ஒரு அரசியல் நாடக சினிமா. இது திட்டமிட்ட அவதூறு. மனிதம் போற்றுவோம்.,NOT
tam28,பெண்களை எவ்வாறு இந்தக் கயவர்கள் ஏமாற்றுகிறார் என்று தெளிவாக எடுத்துரைக்கப் பட்டுள்ளது இந்த திரைப்படத்தை அனைவரும் தவறாமல் பார்க்க வேண்டும்,NOT
tam29,"நம்ம சதிகாரன் மட்டுமே பயிர்செய்து, நூல் நெய்து, ஆடை செய்தால் மட்டுமே நான் ஆடை அணிவேன் என்றால் எல்லோரும் அம்மணமாகத்தான் திரியணும் ...... இதற்கு நமக்கு சம்மதமா...... தலித்களை  எதிர்க்கும் போது இருக்கும் ஒற்றுமை மற்ற விஷயங்களுக்கு நாம் செய்தால் நாடு நல்லா இருக்கும்டா.......... நாடக காதல் என்று சொல்லி நம்ம பொண்ணுங்களை நாமே அசிங்கப்படுத்த வேண்டாம்......",NOT
tam30,தருமபுரி மாவட்ட தீரன் சின்னமலைகவுண்டர் பேரவை சார்பாக வாழ்த்துக்கள்,NOT
tam31,இந்த டிரைலரே  இவ்வளவு  Fun இருக்கேபடம் பார்த்தாஎவ்வளவு  இருக்கும்🤣 ..,NOT
tam32,கண்டிப்பா வெற்றி பெரும் இது எங்கள் படம்,NOT
tam33,சூர்யா அண்ணன் ஏப்போவும் நல்ல படதைதான் தயாரிக்கிறார்.  சூர்யா,NOT
tam34,வெற்றி பெறவாழ்த்துக்கள் ...  நம் வன்னிய மக்கள் ஆதரவுடன்,NOT
tam35,நினைக்கிறவங்க மட்டும் லைக் பண்ணுங்க.....,NOT
tam36,யாதவர்கள் சார்பில் படம் வெற்றியடைய வாழ்த்துகள் ...,NOT
tam37,தளபதி ரசிகன்,NOT
tam38,ஜாதிகள் உள்ளதடி பாப்பா...  குல தாழ்ச்சி உயர்ச்சி சொல்லல் பாவம்..   பிறமலை கள்ளர் சமுதாயத்தின் சார்பாக படம் வெற்றி பெற வாழ்த்துக்கள்,NOT
tam39,முந்தை விழுப்புரம் தற்போதய கள்ளக்குறிச்சி சார்பாக படம் வெற்றி பெற வாழ்த்துக்கள்,NOT
tam40,இந்த படத்தில் ஆதிக்கு மதன் பாபுவை அப்பாவாக போட்டு இருக்கலாம் சரியா இருந்திருக்கும்,NOT
tam41,"எந்த சாதியிலையும் செட்டியார் பெண்ணை காதலிப்போம் கவுண்டர் பெண்ணெ கட்டியணைப்போம்னு கோஷம் போடல, எந்த தலைவனும் சரக்கு மிடுக்கு, வயித்துல நம்ம சிசுனு உசுப்பேத்தல....  இப்போ இது பெரிய மேட்டர்ஆ ஆக காரணமே ரஞ்சித் இயக்கிய தயாரித்த படங்கள் தான்.",OFF
tam42,கதை இசை ஒளிப்பதிவு நல்லா இருக்கு. ஆனா எதோ ஒன்னு மிஸ்ஸிங்,OFF
tam43,இந்த சட்டம் என்னும் ஓர் கிழிந்த புத்தகத்தை  வைத்து கொண்டு சிலர் ஆடும் ஆட்டம் இருக்கே...,NOT
tam44,"வேளாளர் (  பிள்ளைமார் ,முதலியார் ,கவுண்டர்) சார்பாக வாழ்த்துக்கள்",NOT
tam45,மேலூர் தேவரினம்( கள்ளர்) சார்பாக படம் வெற்றி பெற வாழ்த்துக்கள்,NOT
tam46,சோழிய வெள்ளாளர் சமூகம் சார்பாக படம் வெற்றியடைய வாழ்த்துக்கள்,NOT
tam47,இப்படி ஒரு கதையதா எதிர்பாத்த வேற லெவல்,NOT
tam48,"தமிழ்நாட்டுல சத்ரியனுங்க எல்லாரும் ஒன்னு ஆகணும், அப்போ தான் மாமாவளவன் குரூப்பு அடங்கும், என்ன ஆட்டம் போட்டிங்க  டா டேய் !!சத்ரியனுங்க ஒன்னு கூடின நீங்கே காலி டா !   கவுண்டன், தேவர், நாடார் எல்லாரும் ஹிந்து மதத்தை  காக்கும்  தெய்வங்கள்  டா  !!!",NOT
tam49,சில்லுகருப்பட்டி ஆக என்ன தலைப்பு சூப்பர் இன்னும் நம் மண் வாசனை இருக்கு,NOT
tam50,தமிழ்நாடு பிரமணர் சங்கம் ஐயர் மற்றும் ஐயங்கர் சார்பாக வாழ்த்துக்கள்!!,NOT
tam51,நாடக காதல் இது புதுமையாக இருக்கு. எப்பொழுதுமே பெண்கள்  ஆண்களை விட தெளிவாக இருப்பாங்க. ஒருவன் பேசும் முறைகளை வைத்தே அவனை எளிதில் பன்னிடுவாங்க. இது மாதிரி படங்களை எடுத்து அவங்க அசிங்கம் படுத்தாதிங்க. 2020 வது இல்ல 2060ஆனாலும்  திருந்தாத ......................... கள்.     அ,NOT
tam52,உண்மை யை துணிச்சலாக பேசிய மைக்கு நன்றி.,NOT
tam53,வெறித்தனம்....    படம் வெற்றி பெற வாழ்த்துக்கள்,NOT
tam54,தன் ஜாதியை வைத்து பிச்சை  எடுக்கும் எச்சைகள் பார்த்து கதற வேண்டிய படம்.. #வாழ்த்துக்கள் #திரௌபதி ,NOT
tam55,எங்கள் நாடார் சமுதாய சார்பாக திரைப்படம் வெற்றி பெற வாழ்த்துக்கள்......,NOT
tam56,தொண்டைமண்டல அகமுடையார்கள் சார்பாக இந்தப்படத்திற்கு 100 டிக்கட்டுகள் இலவசமாக வழங்கப்படும்....,OFF
tam57,இசை 90ல் பிறந்தவர்களின் காதல் இசை ... பள்ளியில்,NOT
tam58,கொங்கு சமுதாயம் சார்பாக.....பாட்டாளி மக்கள் கட்சியை சார்ந்த இந்த படத்தின் இயக்குனர் மோகன் அவர்களுக்கு வாழ்த்துக்கள்....மற்றும் இந்த உண்மை சம்பவம் வெற்றி பெற நாங்கள் உங்களோடு இருப்போம் அண்ணா.....,NOT
tam59,மாற்றத்திற்கான எளிய மக்களின் செயல்பாடுகளே புரட்சி என்று அழைக்கப்படுகிறது......,NOT
tam60,இதுல  வந்த  பா த்தாதா தெரியுது எத்தனை ஜாதி  இருக்கு னு,NOT
tam61,"இது படம் இல்ல, பலருடைய வாழ்க்கையின் ஆதங்கம்.",NOT
tam62,குரூமா குருப்பு குண்டி வெந்தே சாகபோரானுக வாழ்த்துக்கள் மோகன் சார்....,OFF
tam63,"யாரு சாமி இந்த இயக்குனர் ? உனக்கு இந்தியாவை ஆளும் ஆர்எஸ்எஸ் பாதுகாப்பு கொடுக்கும்,, இப்போது இருக்கும் பெண், ஆண் விழிப்புணர்வு படம்",NOT
tam64,என்ன ஒரு அற்புதமான டிரெய்லர் ரக்ஷித் ஷெட்டி நீங்கள் அருமை..,NOT
tam65,நாடக காதல படம் எடுக்குறேனு நாடகம் மாதிரி எடுத்துருக்கான்..இதுல காவியப்புண்ட எடுத்தது மாதிரி  டெய்லி  வசனம் வேற...,OFF
tam66,முதல்ல சாதிய உயர்த்தி படம் எடுக்கரவனையும் சாதிய ஒழிக்குரேனு சொல்லி படம் எடுக்கரவனையும் உதைக்கனும்  அப்புறம் இந்த ஜாதி ஒழிப்பு மேல் ஜாதிக்காரன் வீட்டு பொண்ன கட்டி உறவுக்காரன் ஆனாதா முடியும் சொல்லித்தரவன செருப்பால் அடிக்கனும் ஜாதி ஒழிப்புங்கரது கீழ இருக்கரவன் அவனுக்கு சமமாத்தான் வரனுமே தவிர அவனாகுரது இல்லை  அவனுக்கே சமமா கல்வி வேலைவாய்ப்பு பொருளாதாரத்துல முன்னேரதுதான் அப்படி முன்னேறிட்ட அவன் உனக்கு செஞ்சத நீ அவனுக்கு செய்யாத காரணம் உனக்கு வலிச்ச மாதிரிதான் அவனுக்கும் வலிக்கும்  ஆனால் கடந்தகால ஜாதி ஒழிப்புங்கரது தவறா கற்ப்பிக்கப்பட்டதின் விளைவே இன்றைய நவீன ஜாதி வெறியின் மூலக்காரணம்,NOT
tam67,செய்வது எப்படி கூட தெரியல அஜித் படம் ட்ரைலர் எப்படி தெரியும் சூர்யா சார் என்ன பண்றீங்க,NOT
tam68,இந்த டிரெய்லர விட .. இங்க படிக்கிற கமென்ட்ஸ் தான் மிகவும் வருத்தம் அளிக்கிறது ..,NOT
tam69,கண்டிப்பாக இந்த படத்தை திரையரங்கில் தான் பார்ப்பேன்,NOT
tam70,பொள்ளாட்ச்சி பசங்க  பொன்னுங்கள தொட்ட சூத்த மூடிக்கிட்டு இருப்போம் யாரவது ஏமாந்தவன் கெடச்ச வீரத்த காமிப்போம்.....,OFF
tam71,ரஜினியை ஏமாற்றிய முருகதாஸ்  உண்மை பின்னணி :,OFF
tam72,எனக்கு மட்டும் தான் பாக்க படத்தோட தழுவல் மாதிரி தோணுதா ...,OFF
tam73,இல்லையா?? யாராவது சொல்லுங்க டா... எங்க ஊரு ல எந்த தியேட்டர் லயும் போடல...,NOT
tam74,யாதவர்கள் சார்பாக இப்படம் மகத்தான வெற்றி பெற வாழ்த்துக்கள்.,NOT
tam75,"நா யாருங்கறத எப்பவுமே நா முடிவு பண்றதில்ல,  என் எதிர்ல நிக்குறவங்க தான் முடிவு பண்ணுவாங்க…,  அவுங்களுக்கு நா  நண்பனா?     இல்ல  எதிரியானு………",NOT
tam76,2000 வருட அடிமை கூட்டங்கள் கதறுவதை கண்டாலே ஆனந்தமாக தான் உள்ளது!,NOT
tam77,வடக்கே வன்னியனும் தெற்கே தேவனும் ஒன்று சேர்ந்தாச்சு...இனி ஓலமிட்ற நரிகளுக்கும் கருப்பு சட்டைக்காரனுக்கும் கஞ்சிக்கே வழியில்லை....,OFF
tam78,இத்தனை ஜாதி இருக்கே டா ?ஏண்டா ஒருத்தன மட்டும்  ஒத்துக்க மாட்டிங்க;இதுக்கு பேரு தாண்டா ஜாதி வெறி,NOT
tam79,"பரிஎரும் பெருமாள், அசுரன், காலா, போன்ற  படங்கள்  வரும்போது  எல்லா சமூகத்தினரும் பொறுமையாக தானே திரையரங்குகளில் சென்று பார்த்தார்கள், இந்த படங்களை இயக்கிய இயகுனர்களுக்க்கு  எவ்வளவு கருத்து சுதந்திரம் இருந்ததோ அதேபோல் தான், திரௌபதி பட இயக்குனர் அவருக்கும் கருத்து சுதந்திரம் உண்டு... படம் வந்த பிறகு உங்கள் எதிர்ப்புகளை தெரியபடுத்துங்கள்,",NOT
tam80,அடேய்...படிச்சு முன்னேறு னு அம்பேத்கர் சொன்னாரு டா...  மேல்.சாதி பொண்ணு கூட படு***ட்டு முன்னேறு னு உங்க காதுல விழுந்திருச்சு போல...  அதான் புத்தகத்தை தூக்கி எறிந்து.. பொம்பளப்புள்ள பின்னாடி சுற்றும் கூட்டம்.  சும்மாவா சொன்னான்..  கீழ்மக்கள் கீழ்மக்களே...  த்தூ  #திரௌபதி,OFF
tam81,சூப்பர் தல உன்னை வெல்ல எவரும் இல்லை இந்த உலகில்,NOT
tam83,வீர பறையர்கள் சார்பாக படம் வெற்றியடைய வாழ்த்துகள்,NOT
tam84,போராடுவது தப்பு என்றால் போராட தூண்டுவதும் தப்பு தானே.... நாம் தமிழர்......,OFF
tam85,மதுரை கவுண்டர் பேரவை சார்பாக படம் வெற்றிபெற வாழ்த்துக்கள்,NOT
tam86,கொங்கு படை சார்பாக வாழ்த்துக்கள்,NOT
tam87,மோகன் செம்மயா இருக்கு..... நல்லா வச்சி செஞ்சிருக்கிங்க......,NOT
tam88,"இது எப்படி தெரியுமா இருக்கு, நாங்கலாம் எங்க காலத்துல னு  ட சொல்லுர மாதிரி இருக்கு",OFF
tam89,தலைவன் சூர்யா  வெறிதனம் மா இருக்கு டிரைலர்,NOT
tam90,வெட்டு  நீ வெட்டுனா அது எங்களுக்கு சாதகமத்தான் மாறும் நீ வெட்டு..... என்ன வசனம் அருமை.... உண்மையை சொல்லம் திரெளபதி வாழ்த்துகள் கோடி,NOT
tam91,நாயுடு மக்கள் சார்பா இந்த படம் வெற்றி அடைய வாழ்த்துக்கள்,NOT
tam92,எங்கள் மக்களின் நியாயங்களையும் வலிகளையும் சொல்லும் முதல் திரைப்படம் வெற்றியடைய வாழ்த்துக்கள்,NOT
tam93,செய்துள்ள அனைவரும் தான் சாதியின் சார்பாக வாழ்த்துக்கள் தெரிவித்துள்ளார்கள் இதுவே இந்த படம் சாதி வெறி அதிகம் தூண்டும் விதமாக எடுக்கப்பட்ட படம் என்று நன்றாக தெரிகிறது,NOT
tam94,தமிழ்நாட்டில் இவ்வளவு ஜாதி இருக்குனு இப்ப தாண்ட தெரியுது,NOT
tam95,கொங்கு பெண் குழந்தைகள் பார்க்க வேண்டிய படம்...,NOT
tam96,தமிழகத்திலுள்ள  இந்துக்களில் பாதிப்பேர் படித்து முன்னேற முடியாமலா  கிறிஸ்தவன் ஆகவும் முஸ்லீம் ஆகவும் மாறிட்டான்  எல்லாம் உங்கள மாதிரி ஜாதி பாக்குறதால தான்  படித்து முன்னேறு  சாம்பாதின்னு சொல்லி comment பன்றதெல்லாம் ok    தான்  பிறப்பிலிருந்து இறப்பு வரை என்னை நீ பாக்கிற பார்வை நான் அதிகாரத்துக்கு வரக் கூடாதுங்கிற எண்ணம     எங்களை மட்டுமே நீ அடிமைப்படுத்தும் என்று நினைத்தால் நியாமா  ஏண்டா அடிமைப்படுத்திறனு  திரும்பி கேட்டா ஜாதி வெறியன் னு சொன்னா பின்பு எப்படி தான்டா கேட்கிறது  எத்தனை தடவை கேட்டாலும் நீங்க திருந்த போறது இல்லை இதுல இந்தியா வல்லரசு ஆகுமா......,NOT
tam98,தெலுங்கு கொல்ட்டி சமுத்திர கன்னி உன் நாயக்க சாதி வெறிய ஒழி.,OFF
tam99,வெயிட்டிங் லயே வெறி ஏறுது தல   சீக்கிரம் வா தல........,NOT
tam100,இனம் என பிரிந்தது போதும் மனிதம் காப்போம்,NOT
tam101,அவனுங்களுக்கு எதிராக ஒன்று சேர இதுவே நல்ல நேரம்,OFF
tam102,எந்த ஜில்லாவிலும் எங்க தல தான்டா பில்லா.,NOT
tam103,teaser எப்ப பாக்கனுமமேன்டு சொல்லட்டுமா தல funs என்ன பயம் தளபதிய நாங்க பாக்க முதலே நீங்க பாக்கிறிங்க அந்த பயம் இருக்கனும்டா,OFF
tam104,தல மாஸ் ப்பா செம மோட்டிவேஷன்  தல லவ் ,NOT
tam105,பெண்ணும் மண்ணும் ஒன்று தான் எங்களுக்கு... சரியான வசனம்.. ஆனால் மண் இப்போது யாரிடம் உள்ளது..? அனைத்து சாதியினரும் மண் விசயத்தில் கோட்டை விட்ட கோழைகளாக மாறி இருப்பது தான் இன்றைய அவலம்... ஒன்று பட்டு மண்ணை காப்பாற்றுங்கள்... இருக்கும் எந்த கட்சியும் சரி இல்லை என்றால் புதிதாக ஒன்றை உருவாக்கி உங்கள் மண்ணை நீங்களே ஆளுங்கள்...   ஒன்று மட்டும் சொல்கிறேன்.. சாதியாக நீங்கள் பிரிந்தால் ஒருபோதும் இதை சாதிக்க முடியாது... தமிழராய் ஒன்று படுங்கள்...,NOT
tam106,தென் சென்னை  வன்னியர் - முதலியார்  கூட்டமைப்பு.  சார்பாக வாழ்த்துக்கள்,NOT
tam107,படத்துல என்னமோ பெருசா இருக்குனு மட்டும் தெரிது,NOT
tam108,திரௌபதி வன்னியர் குல தெய்வம்...  சாதிக்கு அப்பாற்பட்ட சமூகமே வளம் பெறும்,NOT
tam110,எங்களுக்கு மண்ணும் பொண்ணும் முக்கியம்... நம் குல பெண்களை காக்க தாய் திரௌபதி மீண்டும் அவதாரம் எடுத்து வந்தது போல் உணர்கிறேன்... என்றும் யாதவ கண்ணன் குலம் துணை நிற்கும்...  சிறப்பான சிகரம் தொட தமிழ்நாடு யாதவர் பேரவை சார்பாக வாழ்த்துக்கள்...,NOT
tam111,ஒரு குறிப்பிட்ட சாதிய வச்சு மட்டுமே படங்கள் பாத்த தமிழ் சினிமாவில் இது கொஞ்சம் புதுசு ரொம்ப தேவையான படமும் கூட.இப்பக்கூட ஒரு படம் வந்துச்சே 'குண்டு' இதுல ஒரு குறிப்பிட்ட சாதியோட நெறி ரொம்ப வீசுச்சு.இந்த படம் வெற்றி அடைய பட்டாரியர் சமுதாயம் சார்பாக வாழ்த்துக்கள்,NOT
tam112,எங்கடா அவன் அடங்கமறு அத்துமீறு. ஒழுங்கா படி உருப்படு.,NOT
tam113,அகில உலக வெள்ளாளர் (வேளாளர்) சமுகத்தின் சார்பாக வாழ்த்துக்கள். இந்த படம் நூறு நாட்கள் கடந்து வெற்றி அடைய வாழ்த்துக்கள்.  இந்த படத்திற்கு முழு அதற்வு உண்டு,NOT
tam114,"இவளே ஒரு உச்சநீதிமன்ற திருட்டு குற்றவாளி இவிங்களுக்கு ஒரு படமா ,தமிழினத்துக்கு அம்மா வேலுநாச்சியார் படத்தை எடுங்கடா பின்பு இவருக்கு எந்த அளவு மரியாதைனு பார்ப்போம்",OFF
tam115,அட்டகத்தி மெட்ராஸ் கபாலி காலா குண்டு பரியேறும் பெருமாள் இந்த மாதிரியான படத்தை எல்லாம் பார்க்கும் போது தான் எனக்கு ஜாதி ன்னும் ஒன்னு முக்கியம்னு தோணுச்சு..  இப்படியாப்பட்ட படத்தை தான் நான் நீண்ட நாளாக எதிர்பார்த்து இருந்தேன்  டைரக்டர் மோகன் அவர்களுக்கு எனது மனமார்ந்த வாழ்த்துக்களும் நன்றிகளும்,NOT
tam116,திருநெல்வேலி வீரபாகு சேனைத்தலைவர் மக்களின் சார்பாக இந்தப்படம் மாபெரும் வெற்றிபெற வாழ்த்துக்கள்,NOT
tam117,இந்த முன்னோட்டத்தை ஆதரவு அளித்த அனைத்து சமுதாய நண்பர்களுக்கும் #திரௌபதி குழுவின் சார்பாக மனமார்ந்த நன்றி. இவன் உங்களில் ஒருவன்,NOT
tam118,"எனக்கு தெரிஞ்சி நிறையபேர் ஜாதி மாற்றி, மதம் மாற்றி  திருமணம் செய்தும்  நல்லாத்தான் இருகாங்க....  தப்பா ஒன்னும் தெரியலையே..  இவனுவ ஏன் பொய்யான படம் எல்லாம் எடுக்குறாங்க  #பயமா  #அசுரன் பட (கதறல்)பயத்தின் விளைவே ''திரௌபதி",NOT
tam119,திருநெல்வேலி யாதவர் சமுதாயம் சார்பாக திரௌபதி படம் வெற்றி பெற வாழ்த்துகள்,NOT
tam120,டிக்டாக்ல சன்ட போட்டிங்க இப்போது வெள்ளி திரையாடா வாழுங்கபா வாழ்த்துக்கள்,NOT
tam121,500 கோடிகுடுத்தா எவன் டயரையும் நக்க ரெடி,OFF
tam122,உடையார் இன மக்கள் சார்பாக படம் வெற்றி பெற வாழ்த்துக்கள்,NOT
tam123,இண்டகி! நெறய பேர்ட இல்லாத ஒரு கெட்ட பழக்கம் என் கிட்ட இருக்கு!!! டா!!!!!!!,NOT
tam124,"நல்லா இருக்கு..... வெற்றி வெற்றி தா, இனி ஆயுள் வரை.....",NOT
tam125,தமிழ்நாட்டில்  உள்ள  வன்னியர்கள்  திரௌபதி  படத்தினை  தியேட்டர்  சென்று  பார்த்தாலே படம்  பிளாக் பஸ்டர்....,NOT
tam126,என்ன டா நீங்க பக பக பக பக னு சங்கு வேற ஊதிக்கிறீங்க🤣🤣🤣,OFF
tam127,மிரட்டல் காம்போ..  அண்ணன் உதயநிதி ஸ்டாலின் அவர்களின் திரை பயணத்தில் மாபெரும் வெற்றி படைப்பாக நிச்சயம் இருக்கப்போகிறது சைக்கோ.. வாழ்த்துகள்...,NOT
tam128,சும்மா இப்படி தெறிக்க விடுத்துனா படம் சும்மா மரண மாஸ் தான்,NOT
tam129,"இந்த ட்ரைலர் புடிக்காம போற்றவங்கிய யாருலாம்னா... நாடக காதல் பண்ணவனும்.., நாடக காதல் பண்ணபோறவனும்..,நாடக காதல் பனிட்டுஇருபவனும்தான் இந்த ட்ரைலர் புடிக்காம  பன்னுவாங்கிய.., நாடக காதல் கூ***ரொம்ப நாள் என் மனதில் இருந்து வெளில சொல்ல ஆதங்கப்பட்டத அப்பிடியே பாக்கிறேன் திரௌபதி டைரக்டர் @மோகன் உங்களுக்கு என்னுடைய மனசார மனமார்ந்த நன்றி",NOT
tam130,கடலூர் மாவட்டம் வழிசோதனைபாளையம் கிராம மக்கள் சார்பாக எங்கள் திரௌபதி தாயை வாழ்த்தியல்லை  வணங்கியே பழக்கப்பட்டவர்கள் நாங்க வணங்குகி மகிழ்கிறோம்...,NOT
tam131,உண்மையைக் கூறி இருக்கிறீர்கள் ரொம்ப நன்றி அண்ணா அண்ணனுக்கு நன்றிகள் பல....,NOT
tam133,எந்த பெரிய விசியம் ஆனாலும் அதோட ஆணி வேர்யில் இருந்து ஆரம்பிக்கரது தான் அழகு ,NOT
tam134,படம் வெற்றிப்பெற அனைத்து அம்பலகாரர்  சார்பாக வாழ்த்துக்கள்...,NOT
tam135,"வெகு நாட்களாக இப்படி உண்மையை போட்டு உடைக்கும், சமூக அக்கறையுள்ள திரைப்படத்தை தான் எதிர்ப்பார்த்து காத்துக்கொண்டிருந்தேன்.! அடுத்தவர் வீட்டு பெண்களின் மீது கை வைக்கும் நாய்களுக்கான படமாக இருக்கிறது.! கபாலி, காலா, பரியேறும் பெருமாள் போன்ற படங்களை போன்று இப்படத்தையும் ஒரு திரைப்படமாக பார்க்கவும்.!! வீணாக இப்படத்தின் மீது தவறான ஜாதி சாயத்தை பூசாதீர்.!!!  திரௌபதி துகிலுரிந்த காலம் சென்று., அவளின் மானம் காக்கப்படட்டும். இப்படம் மாபெரும் சமூக மாற்றத்தோடு வெற்றியடைய மனமார்ந்த வாழ்த்துக்கள்.!  இப்படிக்கு சாதாரண மனிதனில் ஒருவன்",NOT
tam136,பிகில்'னு மொக்க படத்துல கதிர்'ர நடிக்க வைக்கனு கூட்டினு போயீ ... பொம்மை போல உக்கார வச்சுடானுவோ எச்சைங்க   இந்த படத்துல கதிர் சம்பவம் இருக்கு,NOT
tam137,பெருந்தலைவர் காமராஜர் பக்தர்கள் சார்பாக வாழ்த்துக்கள் இவன் டெல்டா மாவட்டம் மாவீரன் ராக்கெட் ராஜா பாசறை,NOT
tam138,சீமானை மனதில் வைத்து படம் எடுத்திருப்பார்களோ? சும்மா கேட்டு வைப்போம்...,OFF
tam139,ஆயிரம் பெரியார் வந்தாலும் நம் மக்களைத் திருத்த முடியாது,NOT
tam140,"ஆகச் சிறந்த போதை பேச்சு போதை- செம, அருமையான டிரெய்லர்",NOT
tam141,மிக கேவளமானவர்கள் இந்த பயையர் சமூகத்து சிலர்  அவர்களால் ஓட்டு மொத்த பிரிவினருக்கும் ஒரே முத்திரை  அவர்களை சொல்லி தவறில்லை வழிகாட்டுதல் அப்படி......ஒருநாள் எல்லா சமூகமும் உயர்ந்து ஒன்றாக சமமாக நிற்கும் இவர்களை தவிர.அதற்கு காரணம் அவர்களே .,NOT
tam142,சோத்துக்கு வழி இல்லானாலும் சாதி வெறிக்கு கொரச்சல் இல்ல.  அக்னி சட்டிகள்,NOT
tam143,இந்த படைப்பு எந்த தடையும் இன்றி வெளியாக வேண்டும்,NOT
tam144,செய்யுறது தப்பு.இதுல நியாயம் வேற.விஷ விதை இந்த படம்.,NOT
tam145,முத்தரையர் (அம்பலகாரர் ) வம்சம் சார்பாக படம் வெற்றி பெற வாழ்த்துக்கள்.... இதுவரை எங்கள்  முத்திரையர்களிடம் நாடக காதல் குமபல் எந்த வேலையையும் காட்ட வில்லை.... காட்டவும் மாட்டார்கள்.. காட்டவும் முடியாது.. எங்கள் வளர்ப்பு அப்படி... என் அம்மா எனக்கு சொல்லியதையே என் பிள்ளைக்கு சொல்லி கொடுப்பேன்..... வீர அம்பலக்காரன்டா....,NOT
tam146,எங்கள் வீட்டு பெண் பிள்ளைகள் அனைவருக்கும் இந்த படத்தை பார்க்க வைப்பேன்,NOT
tam147,இராஜபாளையம் விருதுநகர் மாவட்டம் ....மாவீரன் வீர பாண்டிய கட்ட பொம்மனார் நாயக்கர் சார்பாக இப்படைத்தை வெற்றி விழா காண வாழ்த்துக்கள்....,NOT
tam148,"நான் பில்டப் கொடுக்கவில்லை, தானாக இப்படி ஆகிவிட்டது",NOT
tam149,ஜாதிகளை ஒழிப்போம் சொல்ற திருட்டு திராவிடம் பெரியார் கும்பல் சவாட்டும்,NOT
tam150,இந்த படத்தை 90 kids வெறி தனமா ஒட வைப்பாங்க..  புரிச்சவங்க லைக் பண்ணுங்க..  புரியாதவன் 90 kids இல்லை,NOT
tam151,இந்த மாதிரியன படங்கள் அதிகமாக எடுக்கபட வேண்டும்,NOT
tam152,மாவீரன் காடுவெட்டியார் j.குரு  வன்னியர்  சங்கம் (உடையார்பாளையம்) சார்பாக  படம் வெற்றி பெற வாழ்த்துகிறோம்,NOT
tam153,மொக்க டா சாமி....இவான் எப்ப டா செத்து ஒழிவான் கருமம் இதல்லாம் பாச வேண்டியதா இருக்கு,OFF
tam154,நான்கு திசைகளுக்கும் சேர்த்து நான்கு காதல்  கொண்ட கதாபாத்திரமாக இப்டம் அமையும்னு நெனைக்றன்,NOT
tam155,இதுவரை காணாத வரலாறு இது அனைத்து சமுதாய நண்பர்களும் ஒன்றிணைந்து சமுதாயத்தின் சார்பாக வாழ்த்துக்கள் சொல்வது   இந்த படம் மாபெரும் வெற்றி படமாக வீரபாகு சேனைத்தலைவர் சமுதாயத்தின் சார்பாக வாழ்த்துக்கள்,NOT
tam156,இவ்ளோ ஸ்டார்ஸ் வெச்சு படம் எடுக்கிறது சின்ன விஷயம் இல,NOT
tam157,"நாட்டுக்கோட்டை நகரத்தார் சமூகம் சார்பாக இந்த படம் வெற்றி பெற வாழ்த்துகள் , அண்ணா ,",NOT
tam158,புதுச்சேரி வன்னியர் சங்கம் சார்பாக படம் வெற்றி பெற வாழ்த்துக்கள்,NOT
tam159,சொந்த சாதிக்காரன் கற்பழிச்சா கூட பிரச்சனையில்லை ஆனால் வேற சாதிக்காரன் காதலிச்சா மட்டும் காதல் நாடகக்காதல் ஆகிவிடுகிறது .. இன்றைய போராளிகளுக்கு..,NOT
tam160,"ஜாதிகள் இல்லையடி பாப்பா; - குலத் தாழ்ச்சி உயர்ச்சி சொல்லல் பாவம்; நீதி, உயர்ந்தமதி, கல்வி - அன்பு நிறைய உடையவர்கள் மேலோர்",NOT
tam161,பண்ணது எல்லாம் அண்ணன் குஜினிகாந்தோட குஞ்சுகள் தான்..,OFF
tam162,கமெண்ட் மயிர மட்டும் நல்லா ரோஷப் புண்டையா போடுங்க டா! ஆனா ஓட்டு அவனுங்க கூட்டணிக்கு போடுங்க.,OFF
tam163,மண்ணும் பெண்ணும் இரண்டும் முக்கியம் மேல கை வச்சா வெட்டுவேன் தரமான சம்பவம் செய்ய வ௫கிறாள் திரெளபதி,OFF
tam164,உழுது பூமில இரத்தம் சிந்தி அரிசி அனுப்புற ஒவ்வொரு ஜீவனுக்கும்..  நாடு நல்லாருக்கனும்னு .. உழைக்கிற ஒவ்வொரு தொழிலாளிக்கும்..  எல்லாத்தையும் தட்டிக் கேக்குற உரிமை இருக்கு.. #NGK,NOT
tam165,"இதுல ஜாதியே mention பன்னல அதுக்குள்ள குருமா குரூப்க்கு கோவம் வருது , எவ்ளோ தான் நீங்க முன்னேறினாலும் உங்க புத்தி மட்டும் மாறாது டா, chai!!!!",OFF
tam166,"சக்கிலியர் சமுதாய இளைஞர்கள் சார்பாக, திரௌபதி #பாடம்  மாபெரும் வெற்றியடைய வாழ்த்துக்கள்",NOT
tam167,கிருஷ்ணவகை சமுதாய சார்பாக இந்த திரைப்படம் வெற்றி பெற வாழ்த்துக்கள்,NOT
tam168,என்ன மயிரு ட்ரைலெர்ட்டா இது ஒன்னும் புரியல 🤦‍,OFF
tam169,எங்கள் மனதில் நினைத்துக் கொண்டிருந்ததை திரை வடிவாக வடிவமைத்த மோகன்.g டைரக்டர் அவர்களுக்கு நன்றி.,NOT
tam170,நீ என்ன பெரிய வசூல் மன்னனா தெரியல்ல அப்படித்தான் பேசிக்கிறானுங்க.....,OFF
tam171,ஒரு தாழ்தபட்ட சமுதாய மக்களுக்கு தூண்டி விடும் தலைவர்க்கு தக்க பதில் அடி தரும்,NOT
tam172,பிள்ளைமார் சங்கம் சார்பாக படம் வெற்றியடைய  வாழ்த்துக்கள்,NOT
tam173,படம் ரிலீஸ் தேதியை  கொஞ்சம் சீக்கிரமா வச்சிருந்தா நல்லா இருக்கும். எல்லா ஜாதிக்காரரும் இந்த படத்தை பாக்கணும்ன்னு இருக்காங்க அந்த குஞ்சித் & குருமா பாய்ஸ் தவற.  சூட்டோட சூடா படத்தை ரிலீஸ் பண்ணிட்டா நல்லாயிருக்கும்.,OFF
tam174,தோழரே ஆகஸ்ட் மாதம் இந்தப் படத்தை வெளியிட்டார் என்ன ஒரு பிரயோஜனம் அதுவே இந்த எலக்சனுக்கு புள்ள வெளியிட்டார் உங்களால ஒரு 80 ஆயிரம் பேராவது திருந்துவாங்க பணம் மட்டும் சம்பாதிக்க போதாது நான் சொல்வது புரியுதுங்களா,OFF
tam176,"எப்படி ஒரு நாணயதுக்கு இரு முகம் இருபது போல இப்திரைப்படதில் கலப்பு திருமணதின் மறுமுகத்தை காட்டி உள்ளனர், கலப்பு திருமணதினால் பெண் வீட்டினர் படும் துன்பம் சொல்லில் அடங்காது...  பட குழுவினர்க்கு வாழ்த்துக்கள்",NOT
tam178,முதலியார் சமூகம் சார்பாக வெள்ளி விழா காண வாழ்த்துக்கள்,NOT
tam179,"மோகன் ஜி... செருப்பை எங்க வைக்கணும், சீப்பை எங்க வைக்கணும்னு நம்மளுக்கு சொல்லிகுடுத்து வளர்த்திட்டாங்க..! ரெண்டுக்கும் வித்தியாசம் தெரியாத நாய்க குறைக்குது.. 🤣🤣🤣",OFF
tam180,வீர வன்னிய குல சத்திரிய வம்சத்தின் போர்வாள் மீண்டும் எழுச்சி பெற்று விட்டது,NOT
tam181,இயக்குனர் தயாரிப்பாளர் மற்றும் படக்குழுவினர் பாதத்தை தொட்டு வணங்குகிறேன்,NOT
tam182,இந்த படம் வெற்றி பெற வாழ்த்துக்கள்.... ஆனால்  எதுக்கு சாதி பெயர் வாழ்த்துக்கள் சொல்டிரிங்க.......(விழுப்புரம் மாவட்டம்..... ),NOT
tam183,"திருமாவழவன், பா.ரஞ்சித் பொண்ற சாதி வெறியர்கலுக்கு  இப்படம் சமர்பனம்...படம் வெற்றி பெற வாழ்த்துகள்",NOT
tam184,ஆனா இந்த வசன நடை செத்துப்போச்சு. நாங்கள் யதார்தமாக வட்டார மொழி பேசும் படங்களை பார்க்க ஆரம்பித்து விட்டோம் mr mani. இவ்வளவு கோடி கொட்டி படம் பண்றீங்க. ஒரு வசன கர்த்தாவ வச்சுக்க கூடாதா. Shankar ஐ பாத்தாவது திருந்த வேண்டாமா?,OFF
tam185,தென்னிந்தியா செட்டியார் சமூகத்தின் சார்பாக இப்படம் வெற்றிபெற வாழ்த்துக்கள்,NOT
tam186,வன்னியர் குல சத்திரியர் சார்பாக இந்த படம் வெற்றி பெற வாழ்த்துகின்றோம்,NOT
tam187,வன்னியர்களுகன படம் வெற்றி,NOT
tam188,ரஷ்ய அதிபர் புதின் சார்பாக படம் வெற்றியடைய வாழ்த்துகள்...,NOT
tam189,குறிப்பிட்ட தனிநபரின் டவுசரை கலட்டிய இயக்குனர்  Mohan G அவர்களுக்கு என் மனமார்ந்த வாழ்த்துக்கள்,NOT
tam190,ஒருவனுக்கு அவன் ஜாதி மதம் சொந்தம் பந்தம் இனம் தாய்மொழி  தாய்நாடு என அனைத்தும் பெரிதுதான்...,NOT
tam191,திருச்செங்கோடு படையாச்சிகள் சார்பாக படம் வெற்றி பெற வாழ்த்துக்கள்,NOT
tam192, நிச்சயம் மாபெரும் வெற்றிபெறும்...கொங்கு தமிழன்,NOT
tam193,எத்தனை நாளைக்கு பொய்யான செய்திகளை பரப்பி கொண்டிருப்பார்கள் கீழ்த்தரமான ஜாதி நாய்கள்  உண்மை வெளிவரும் என்று ஏங்கி இருந்தோம் ஆனால் இன்று பெருமை கொள்கிறேன் மாவீரன் சத்ரிய குல வம்சம்,NOT
tam194,தமிழ்நாடு வாணிய செட்டியார் சார்பாக படம் வெற்றி பெற வாழ்த்துக்கள்,NOT
tam195,முதலியார்களின் சார்பாக இந்த திரைப்படம் வெற்றி பெற  வாழ்த்துக்கள்,NOT
tam197,மிரட்டோ மிரட்டுனு மிரட்டிட்டிங்க எனக்கு தெரிஞ்சி உதய் அண்ணாவுக்கு இந்த படம் மிகப்பெரிய வெற்றியை தரும்,NOT
tam198,அற்புதம் மிக மிக அற்புதமான மனிதர் அஜீத் தல தல தான்,NOT
tam199,1996 அரசியல்  திமுக  புதிதாக உருவான தமிழ் மாநில காங்கிரஸ் கட்சிக்கு ரஜினி தேவைப்பட்டார்  ஜெயலலிதா ஆட்சியினை அப்புறப்படுத்த எதிர்கட்சிகளுக்கு ரஜினி தேவைப்பட்டார்  ரஜினி பெயரை சொல்லி வாக்கு கேட்டு வென்றனர்🤘  கோமாளி பட இயக்குனருக்கு வரலாறு தெரியுமா,OFF
tam200,அன்றைக்கு எங்கள் குல சாமி சொன்னது திரௌபதி திரைப்படம் இவண்.மாவீரன் தம்பி சரத்...🦁🦁🦁,NOT
tam201,"மாவீரன் காடுவெட்டியார் ஆசியோடு திரௌபதி மிரட்டுவாள்…!!!   இந்த திரைபடம் மூலமா எந்த பிரச்சனை வந்தாலும், அதை உடன் இருந்து, எதிர்கொள்ள தயார்…!!! இவன்- மாவீரன் காடுவெட்டியார் வளர்ப்பு",OFF
tam202,வெற்றி பெற சிங்கம் சூர்யா சார்பாக வாழ்த்துக்கள்,NOT
tam203,"ஒரு சாதியனாக அல்ல ஒரு தகப்பனாக நாம் பார்த்து, ஆதரிக்க வேண்டிய படம். சமூக அவலத்தை துணிச்சலுடன் காட்டிய இயக்குனருக்கு நன்றி.",NOT
tam205,ஜே.குருவின் தம்பிகள் சார்பாக படம் வெற்றி பெற வாழ்த்துக்கள்  வீர வன்னியன்டா,NOT
tam206,அகரம் பவுண்டேஷன் மூலம் நிறைய பேர் கல்விக்கு உதவும் சூர்யா அண்ணாவின் படம் வெற்றி பெற வாழ்த்துகிறேன் மே 31 காத்திருப்போம்,NOT
tam207,இப்படம் எப்போது வந்தாலும் எங்க ஊரை சேர்ந்த 25-30 பேர் கண்டிப்பாக திரையரங்கு சென்று பாபோம்  இது போன்று படங்களை வணிக ரீதியாக வெற்றி செய்ய வேண்டும் ...திரையரங்குகள் சென்று படம்  பார்க் பொருவங்க Like Panunga,NOT
tam208,"அய்யா சத்திரிய குஞ்சுகலா உங்ககிட்ட  உள்ள சொத்தே,ஒரு மட்ட கம்பு,கொத்தனார் கரண்டி,இதை நாங்க வேற அபகரிக்க போரமா...    காமெடி பன்னாதிங்கடா",OFF
tam209,மிகவும் அருமையான படம் தயவுசெய்து அனைவரும் தியேட்டரில் சென்று பார்த்து ஆதரவு தருமாறு கேட்டுக்கொள்கிறேன் இதுபோன்ற படங்கள் தோல்வி அடைந்தால் சமுதாயத்தில் நடக்கும் அநியாயங்களை எடுத்துரைக்க எவரும் முன்வர மாட்டார்கள்,NOT
